{"cameraMode":{"drawMode":0,"name":"Shaded","section":"Shading Mode"},"sceneLighting":true,"audioPlay":false,"sceneViewState":{"showFog":true,"showMaterialUpdate":true,"showSkybox":true,"showFlares":true,"showImageEffects":true,"showParticleSystems":true},"in2DMode":false,"pivot":{"x":858.191650390625,"y":335.9776611328125,"z":-258.64898681640627},"rotation":{"x":-0.23981142044067384,"y":0.5532726645469666,"z":-0.1702839583158493,"w":-0.7794605493545532},"size":682.90185546875,"orthographic":false}