{"cameraMode":{"drawMode":0,"name":"Shaded","section":"Shading Mode"},"sceneLighting":true,"audioPlay":false,"sceneViewState":{"showFog":true,"showMaterialUpdate":true,"showSkybox":true,"showFlares":true,"showImageEffects":true,"showParticleSystems":true},"in2DMode":false,"pivot":{"x":-69.52029418945313,"y":266.64263916015627,"z":-288.7435607910156},"rotation":{"x":-0.3451090157032013,"y":-0.3846541941165924,"z":0.15759976208209992,"w":-0.8415771126747131},"size":16.267866134643556,"orthographic":false}