{"cameraMode":{"drawMode":0,"name":"Shaded","section":"Shading Mode"},"sceneLighting":true,"audioPlay":false,"sceneViewState":{"showFog":true,"showMaterialUpdate":true,"showSkybox":true,"showFlares":true,"showImageEffects":true,"showParticleSystems":true},"in2DMode":false,"pivot":{"x":394.17578125,"y":114.63280487060547,"z":359.7799987792969},"rotation":{"x":0.28200381994247439,"y":0.6142159104347229,"z":-0.24961493909358979,"w":0.693546712398529},"size":1322.44140625,"orthographic":false}