{"cameraMode":{"drawMode":0,"name":"Shaded","section":"Shading Mode"},"sceneLighting":true,"audioPlay":false,"sceneViewState":{"showFog":true,"showMaterialUpdate":true,"showSkybox":true,"showFlares":true,"showImageEffects":true,"showParticleSystems":true},"in2DMode":false,"pivot":{"x":-109.12820434570313,"y":178.57150268554688,"z":-196.84536743164063},"rotation":{"x":0.0020069852471351625,"y":-0.8154407739639282,"z":0.003004467347636819,"w":0.5789344906806946},"size":934.1234741210938,"orthographic":false}