{"cameraMode":{"drawMode":0,"name":"Shaded","section":"Shading Mode"},"sceneLighting":true,"audioPlay":false,"sceneViewState":{"showFog":true,"showMaterialUpdate":true,"showSkybox":true,"showFlares":true,"showImageEffects":true,"showParticleSystems":true},"in2DMode":false,"pivot":{"x":884.5067138671875,"y":43.446353912353519,"z":-324.2953186035156},"rotation":{"x":-0.08854840695858002,"y":0.7497835159301758,"z":-0.6477658152580261,"w":-0.10274891555309296},"size":59.029293060302737,"orthographic":false}