{"cameraMode":{"drawMode":0,"name":"Shaded","section":"Shading Mode"},"sceneLighting":true,"audioPlay":false,"sceneViewState":{"showFog":true,"showMaterialUpdate":true,"showSkybox":true,"showFlares":true,"showImageEffects":true,"showParticleSystems":true},"in2DMode":false,"pivot":{"x":-68.58903503417969,"y":235.8334503173828,"z":105.78733825683594},"rotation":{"x":0.006150842644274235,"y":0.9901055693626404,"z":-0.13297757506370545,"w":0.04519405961036682},"size":145.82000732421876,"orthographic":false}