{"cameraMode":{"drawMode":0,"name":"Shaded","section":"Shading Mode"},"sceneLighting":true,"audioPlay":false,"sceneViewState":{"showFog":true,"showMaterialUpdate":true,"showSkybox":true,"showFlares":true,"showImageEffects":true,"showParticleSystems":true},"in2DMode":false,"pivot":{"x":1459.4659423828125,"y":-1981.487060546875,"z":1200.624267578125},"rotation":{"x":0.3796265423297882,"y":0.26136526465415957,"z":-0.11264775693416596,"w":0.8803650736808777},"size":3068.018798828125,"orthographic":false}