{"cameraMode":{"drawMode":0,"name":"Shaded","section":"Shading Mode"},"sceneLighting":true,"audioPlay":false,"sceneViewState":{"showFog":true,"showMaterialUpdate":true,"showSkybox":true,"showFlares":true,"showImageEffects":true,"showParticleSystems":true},"in2DMode":false,"pivot":{"x":496.81671142578127,"y":154.23252868652345,"z":212.31690979003907},"rotation":{"x":-0.0030777098145335914,"y":-0.9875957369804382,"z":-0.018636386841535569,"w":0.15622466802597047},"size":10.977272033691407,"orthographic":false}