{"cameraMode":{"drawMode":0,"name":"Shaded","section":"Shading Mode"},"sceneLighting":true,"audioPlay":false,"sceneViewState":{"showFog":true,"showMaterialUpdate":true,"showSkybox":true,"showFlares":true,"showImageEffects":true,"showParticleSystems":true},"in2DMode":false,"pivot":{"x":-19.829933166503908,"y":-1.069016456604004,"z":-8.953149795532227},"rotation":{"x":0.03056253492832184,"y":-0.8077846765518189,"z":0.0419260635972023,"w":0.5873749256134033},"size":644.971435546875,"orthographic":false}