{"cameraMode":{"drawMode":0,"name":"Shaded","section":"Shading Mode"},"sceneLighting":false,"audioPlay":false,"sceneViewState":{"showFog":true,"showMaterialUpdate":true,"showSkybox":false,"showFlares":true,"showImageEffects":true,"showParticleSystems":true},"in2DMode":false,"pivot":{"x":7.549932956695557,"y":-1.2525854110717774,"z":-4.023550033569336},"rotation":{"x":0.10379347950220108,"y":0.33184856176376345,"z":-0.03699672594666481,"w":0.9369993209838867},"size":22.0,"orthographic":false}