{"cameraMode":{"drawMode":0,"name":"Shaded","section":"Shading Mode"},"sceneLighting":false,"audioPlay":false,"sceneViewState":{"showFog":true,"showMaterialUpdate":true,"showSkybox":false,"showFlares":true,"showImageEffects":true,"showParticleSystems":true},"in2DMode":false,"pivot":{"x":7.949306488037109,"y":0.9452934265136719,"z":-6.264885902404785},"rotation":{"x":0.17056120932102204,"y":-0.6527969837188721,"z":0.15408359467983247,"w":0.7219759225845337},"size":22.0,"orthographic":false}