{"cameraMode":{"drawMode":0,"name":"Shaded","section":"Shading Mode"},"sceneLighting":true,"audioPlay":true,"sceneViewState":{"showFog":true,"showMaterialUpdate":true,"showSkybox":true,"showFlares":true,"showImageEffects":true,"showParticleSystems":true},"in2DMode":false,"pivot":{"x":108.017333984375,"y":-549.1077880859375,"z":-188.7181396484375},"rotation":{"x":0.2858414649963379,"y":-0.6359561085700989,"z":0.2744453549385071,"w":0.6623732447624207},"size":2025.310546875,"orthographic":false}