{"cameraMode":{"drawMode":0,"name":"Shaded","section":"Shading Mode"},"sceneLighting":true,"audioPlay":true,"sceneViewState":{"showFog":true,"showMaterialUpdate":true,"showSkybox":true,"showFlares":true,"showImageEffects":true,"showParticleSystems":true},"in2DMode":false,"pivot":{"x":-3.965439796447754,"y":-0.4075913429260254,"z":-1.702174425125122},"rotation":{"x":-0.12583446502685548,"y":0.7831777334213257,"z":-0.1684107631444931,"w":-0.5851811170578003},"size":16.83959197998047,"orthographic":false}