{"cameraMode":{"drawMode":0,"name":"Shaded","section":"Shading Mode"},"sceneLighting":false,"audioPlay":false,"sceneViewState":{"showFog":true,"showMaterialUpdate":true,"showSkybox":false,"showFlares":true,"showImageEffects":true,"showParticleSystems":true},"in2DMode":false,"pivot":{"x":0.11630487442016602,"y":0.9452934265136719,"z":-6.414005279541016},"rotation":{"x":0.27355626225471499,"y":-0.3357169032096863,"z":0.10245566815137863,"w":0.8956510424613953},"size":22.0,"orthographic":false}