{"cameraMode":{"drawMode":0,"name":"Shaded","section":"Shading Mode"},"sceneLighting":false,"audioPlay":true,"sceneViewState":{"showFog":true,"showMaterialUpdate":true,"showSkybox":false,"showFlares":true,"showImageEffects":true,"showParticleSystems":true},"in2DMode":false,"pivot":{"x":0.07388734817504883,"y":1.2535319328308106,"z":0.27214574813842776},"rotation":{"x":0.3970540761947632,"y":-0.44118785858154299,"z":0.226840078830719,"w":0.7722651958465576},"size":26.029094696044923,"orthographic":false}