{"cameraMode":{"drawMode":0,"name":"Shaded","section":"Shading Mode"},"sceneLighting":true,"audioPlay":false,"sceneViewState":{"showFog":true,"showMaterialUpdate":true,"showSkybox":true,"showFlares":true,"showImageEffects":true,"showParticleSystems":true},"in2DMode":false,"pivot":{"x":359.27740478515627,"y":4.042694091796875,"z":328.00579833984377},"rotation":{"x":0.08154281228780747,"y":-0.9180195331573486,"z":0.290927529335022,"w":0.2572421133518219},"size":262.0256042480469,"orthographic":false}