{"cameraMode":{"drawMode":0,"name":"Shaded","section":"Shading Mode"},"sceneLighting":false,"audioPlay":true,"sceneViewState":{"showFog":true,"showMaterialUpdate":true,"showSkybox":false,"showFlares":true,"showImageEffects":true,"showParticleSystems":true},"in2DMode":false,"pivot":{"x":1.3386592864990235,"y":8.527506828308106,"z":-1.247140884399414},"rotation":{"x":0.26442065834999087,"y":-0.6172764897346497,"z":0.23192916810512544,"w":0.7037962675094605},"size":125.4821548461914,"orthographic":false}