{"cameraMode":{"drawMode":0,"name":"Shaded","section":"Shading Mode"},"sceneLighting":false,"audioPlay":false,"sceneViewState":{"showFog":true,"showMaterialUpdate":true,"showSkybox":false,"showFlares":true,"showImageEffects":true,"showParticleSystems":true},"in2DMode":false,"pivot":{"x":0.7682850956916809,"y":4.129619598388672,"z":1.411130666732788},"rotation":{"x":0.10379347950220108,"y":0.33184856176376345,"z":-0.03699672594666481,"w":0.9369993209838867},"size":22.0,"orthographic":false}