{"cameraMode":{"drawMode":0,"name":"Shaded","section":"Shading Mode"},"sceneLighting":true,"audioPlay":false,"sceneViewState":{"showFog":true,"showMaterialUpdate":true,"showSkybox":true,"showFlares":true,"showImageEffects":true,"showParticleSystems":true},"in2DMode":false,"pivot":{"x":398.5158386230469,"y":40.19999694824219,"z":338.8948669433594},"rotation":{"x":0.08850250393152237,"y":-0.9098707437515259,"z":0.25563159584999087,"w":0.31491807103157046},"size":367.2695617675781,"orthographic":false}