{"cameraMode":{"drawMode":0,"name":"Shaded","section":"Shading Mode"},"sceneLighting":false,"audioPlay":true,"sceneViewState":{"showFog":true,"showMaterialUpdate":true,"showSkybox":false,"showFlares":true,"showImageEffects":true,"showParticleSystems":true},"in2DMode":false,"pivot":{"x":-0.01880359649658203,"y":0.3673504590988159,"z":-0.01209932565689087},"rotation":{"x":0.3322373628616333,"y":-0.5148118734359741,"z":0.22583864629268647,"w":0.7573661208152771},"size":6.059667587280273,"orthographic":false}