{"cameraMode":{"drawMode":0,"name":"Shaded","section":"Shading Mode"},"sceneLighting":false,"audioPlay":false,"sceneViewState":{"showFog":true,"showMaterialUpdate":true,"showSkybox":false,"showFlares":true,"showImageEffects":true,"showParticleSystems":true},"in2DMode":false,"pivot":{"x":9.604409217834473,"y":2.93152117729187,"z":13.691315650939942},"rotation":{"x":-0.15232478082180024,"y":-0.8439971208572388,"z":0.31826260685920718,"w":-0.4039619266986847},"size":8.192484855651856,"orthographic":true}