{"cameraMode":{"drawMode":0,"name":"Shaded","section":"Shading Mode"},"sceneLighting":true,"audioPlay":false,"sceneViewState":{"showFog":true,"showMaterialUpdate":true,"showSkybox":true,"showFlares":true,"showImageEffects":true,"showParticleSystems":true},"in2DMode":false,"pivot":{"x":201.74256896972657,"y":383.7265625,"z":109.97511291503906},"rotation":{"x":-0.22189311683177949,"y":0.2396126240491867,"z":-0.05648106336593628,"w":-0.9435632824897766},"size":2007.0633544921875,"orthographic":true}