{"cameraMode":{"drawMode":0,"name":"Shaded","section":"Shading Mode"},"sceneLighting":true,"audioPlay":false,"sceneViewState":{"showFog":true,"showMaterialUpdate":true,"showSkybox":true,"showFlares":true,"showImageEffects":true,"showParticleSystems":true},"in2DMode":false,"pivot":{"x":109.31537628173828,"y":185.35719299316407,"z":111.30064392089844},"rotation":{"x":-0.2623584270477295,"y":-0.7142165899276733,"z":0.5539705753326416,"w":-0.33828550577163699},"size":379.1915588378906,"orthographic":true}