{"cameraMode":{"drawMode":0,"name":"Shaded","section":"Shading Mode"},"sceneLighting":false,"audioPlay":false,"sceneViewState":{"showFog":true,"showMaterialUpdate":true,"showSkybox":false,"showFlares":true,"showImageEffects":true,"showParticleSystems":true},"in2DMode":false,"pivot":{"x":-0.0000011920928955078126,"y":2.2262237071990969,"z":0.0},"rotation":{"x":-0.4421398639678955,"y":0.3860485553741455,"z":-0.21901369094848634,"w":-0.7794466018676758},"size":8.73450756072998,"orthographic":true}