{"cameraMode":{"drawMode":0,"name":"Shaded","section":"Shading Mode"},"sceneLighting":true,"audioPlay":false,"sceneViewState":{"showFog":true,"showMaterialUpdate":true,"showSkybox":true,"showFlares":true,"showImageEffects":true,"showParticleSystems":true},"in2DMode":false,"pivot":{"x":205.46905517578126,"y":50.8251953125,"z":-647.4102783203125},"rotation":{"x":0.055893804877996448,"y":-0.9399192929267883,"z":0.19292204082012177,"w":0.2766403257846832},"size":54.11800003051758,"orthographic":true}