{"cameraMode":{"drawMode":0,"name":"Shaded","section":"Shading Mode"},"sceneLighting":true,"audioPlay":false,"sceneViewState":{"showFog":true,"showMaterialUpdate":true,"showSkybox":true,"showFlares":true,"showImageEffects":true,"showParticleSystems":true},"in2DMode":false,"pivot":{"x":376.2586975097656,"y":725.5400390625,"z":124.93788146972656},"rotation":{"x":0.05858122929930687,"y":0.7865848541259766,"z":-0.6100952625274658,"w":0.07557811588048935},"size":976.6495361328125,"orthographic":true}