{"cameraMode":{"drawMode":0,"name":"Shaded","section":"Shading Mode"},"sceneLighting":true,"audioPlay":false,"sceneViewState":{"showFog":true,"showMaterialUpdate":true,"showSkybox":true,"showFlares":true,"showImageEffects":true,"showParticleSystems":true},"in2DMode":false,"pivot":{"x":-48.857208251953128,"y":264.063232421875,"z":-236.779296875},"rotation":{"x":-0.0056451247073709969,"y":0.9755696654319763,"z":-0.21835848689079286,"w":-0.025105547159910203},"size":90.86177062988281,"orthographic":true}