{"cameraMode":{"drawMode":0,"name":"Shaded","section":"Shading Mode"},"sceneLighting":true,"audioPlay":false,"sceneViewState":{"showFog":true,"showMaterialUpdate":true,"showSkybox":true,"showFlares":true,"showImageEffects":true,"showParticleSystems":true},"in2DMode":false,"pivot":{"x":441.7294921875,"y":111.11279296875,"z":-558.8797607421875},"rotation":{"x":-0.17373690009117127,"y":0.5922794342041016,"z":-0.13289493322372437,"w":-0.7755841016769409},"size":320.9078369140625,"orthographic":true}