{"cameraMode":{"drawMode":0,"name":"Shaded","section":"Shading Mode"},"sceneLighting":true,"audioPlay":false,"sceneViewState":{"showFog":true,"showMaterialUpdate":true,"showSkybox":true,"showFlares":true,"showImageEffects":true,"showParticleSystems":true},"in2DMode":false,"pivot":{"x":238.0819091796875,"y":133.2886962890625,"z":260.3553161621094},"rotation":{"x":0.3854508399963379,"y":-0.5923243165016174,"z":0.38455769419670107,"w":0.5940658450126648},"size":1193.6409912109375,"orthographic":true}