{"cameraMode":{"drawMode":0,"name":"Shaded","section":"Shading Mode"},"sceneLighting":true,"audioPlay":false,"sceneViewState":{"showFog":true,"showMaterialUpdate":true,"showSkybox":true,"showFlares":true,"showImageEffects":true,"showParticleSystems":true},"in2DMode":false,"pivot":{"x":290.06512451171877,"y":48.15623092651367,"z":335.99285888671877},"rotation":{"x":0.04689999297261238,"y":-0.9477291703224182,"z":0.16481077671051026,"w":0.26928120851516726},"size":1059.4266357421875,"orthographic":true}