{"cameraMode":{"drawMode":0,"name":"Shaded","section":"Shading Mode"},"sceneLighting":true,"audioPlay":false,"sceneViewState":{"showFog":true,"showMaterialUpdate":true,"showSkybox":true,"showFlares":true,"showImageEffects":true,"showParticleSystems":true},"in2DMode":false,"pivot":{"x":608.5999755859375,"y":62.900001525878909,"z":-439.8999938964844},"rotation":{"x":-0.25526928901672366,"y":0.41150933504104617,"z":-0.12124380469322205,"w":-0.8664970397949219},"size":728.0610961914063,"orthographic":true}