{"cameraMode":{"drawMode":0,"name":"Shaded","section":"Shading Mode"},"sceneLighting":true,"audioPlay":false,"sceneViewState":{"showFog":true,"showMaterialUpdate":true,"showSkybox":true,"showFlares":true,"showImageEffects":true,"showParticleSystems":true},"in2DMode":false,"pivot":{"x":271.25634765625,"y":48.52793884277344,"z":-743.974365234375},"rotation":{"x":-0.007553490810096264,"y":0.5067279934883118,"z":-0.004315161146223545,"w":-0.8621183633804321},"size":38.239845275878909,"orthographic":true}