{"cameraMode":{"drawMode":0,"name":"Shaded","section":"Shading Mode"},"sceneLighting":true,"audioPlay":false,"sceneViewState":{"showFog":true,"showMaterialUpdate":true,"showSkybox":true,"showFlares":true,"showImageEffects":true,"showParticleSystems":true},"in2DMode":false,"pivot":{"x":-42.376953125,"y":-4.7529296875,"z":-267.42071533203127},"rotation":{"x":-0.23213881254196168,"y":0.6541732549667358,"z":-0.22161667048931123,"w":-0.6849782466888428},"size":441.10107421875,"orthographic":true}