{"cameraMode":{"drawMode":0,"name":"Shaded","section":"Shading Mode"},"sceneLighting":false,"audioPlay":false,"sceneViewState":{"showFog":true,"showMaterialUpdate":true,"showSkybox":false,"showFlares":true,"showImageEffects":true,"showParticleSystems":true},"in2DMode":false,"pivot":{"x":-0.0000011920928955078126,"y":-0.5573711395263672,"z":0.12889432907104493},"rotation":{"x":-0.1560952067375183,"y":0.8404013514518738,"z":-0.3226747512817383,"w":-0.4065374732017517},"size":13.016704559326172,"orthographic":true}