{"cameraMode":{"drawMode":0,"name":"Shaded","section":"Shading Mode"},"sceneLighting":false,"audioPlay":false,"sceneViewState":{"showFog":true,"showMaterialUpdate":true,"showSkybox":false,"showFlares":true,"showImageEffects":true,"showParticleSystems":true},"in2DMode":false,"pivot":{"x":0.0,"y":-1.4901161193847657e-8,"z":7.450580596923828e-9},"rotation":{"x":-0.05698082596063614,"y":-0.9430954456329346,"z":0.23827819526195527,"w":-0.22510011494159699},"size":0.5466710925102234,"orthographic":true}