{"cameraMode":{"drawMode":0,"name":"Shaded","section":"Shading Mode"},"sceneLighting":true,"audioPlay":false,"sceneViewState":{"showFog":true,"showMaterialUpdate":true,"showSkybox":true,"showFlares":true,"showImageEffects":true,"showParticleSystems":true},"in2DMode":false,"pivot":{"x":-264.42578125,"y":-59.65380859375,"z":-732.474853515625},"rotation":{"x":0.38263610005378725,"y":-0.5968021154403687,"z":0.38735321164131167,"w":0.5895594358444214},"size":1724.0201416015625,"orthographic":true}